{"v":"5.5.1","fr":29.9700012207031,"ip":0,"op":300.00001221925,"w":1418,"h":1061,"nm":"иллюстрация","ddd":0,"assets":[{"id":"image_0","w":1418,"h":1061,"u":"images/","p":"img_0.png","e":0},{"id":"image_1","w":1418,"h":1061,"u":"images/","p":"img_1.png","e":0},{"id":"image_2","w":1418,"h":1061,"u":"images/","p":"img_2.png","e":0},{"id":"image_3","w":1418,"h":1061,"u":"images/","p":"img_3.png","e":0},{"id":"image_4","w":1418,"h":1061,"u":"images/","p":"img_4.png","e":0},{"id":"image_5","w":1418,"h":1061,"u":"images/","p":"img_5.png","e":0},{"id":"image_6","w":1418,"h":1061,"u":"images/","p":"img_6.png","e":0},{"id":"image_7","w":1418,"h":1061,"u":"images/","p":"img_7.png","e":0},{"id":"image_8","w":1418,"h":1061,"u":"images/","p":"img_8.png","e":0},{"id":"image_9","w":1418,"h":1061,"u":"images/","p":"img_9.png","e":0},{"id":"image_10","w":1418,"h":1061,"u":"images/","p":"img_10.png","e":0},{"id":"image_11","w":1418,"h":1061,"u":"images/","p":"img_11.png","e":0},{"id":"image_12","w":1418,"h":1061,"u":"images/","p":"img_12.png","e":0}],"layers":[{"ddd":0,"ind":1,"ty":2,"nm":"волосы 4","refId":"image_0","sr":1,"ks":{"o":{"a":0,"k":100,"ix":11},"r":{"a":0,"k":0,"ix":10},"p":{"a":0,"k":[1118.66,275.25,0],"ix":2},"a":{"a":0,"k":[1118.66,275.25,0],"ix":1},"s":{"a":0,"k":[100,100,100],"ix":6}},"ao":0,"ef":[{"ty":5,"nm":"Покачивание - желе","np":4,"mn":"ADBE CM WiggleGelatin","ix":1,"en":1,"ef":[{"ty":0,"nm":"Скор. покачивания (колеб./с)","mn":"ADBE CM WiggleGelatin-0001","ix":1,"v":{"a":0,"k":1,"ix":1}},{"ty":0,"nm":"Величина покачивания","mn":"ADBE CM WiggleGelatin-0002","ix":2,"v":{"a":0,"k":1,"ix":2}}]},{"ty":5,"nm":"(Transform)","np":14,"mn":"ADBE Geometry2","ix":2,"en":1,"ef":[{"ty":3,"nm":"Опорная точка","mn":"ADBE Geometry2-0001","ix":1,"v":{"a":0,"k":[0,0],"ix":1,"x":"var $bm_rt;\n$bm_rt = $bm_transform.anchorPoint;"}},{"ty":3,"nm":"Положение","mn":"ADBE Geometry2-0002","ix":2,"v":{"a":0,"k":[0,0],"ix":2,"x":"var $bm_rt;\n$bm_rt = $bm_transform.anchorPoint;"}},{"ty":7,"nm":"Равномерный масштаб","mn":"ADBE Geometry2-0011","ix":3,"v":{"a":0,"k":0,"ix":3}},{"ty":0,"nm":"Масштабировать высоту","mn":"ADBE Geometry2-0003","ix":4,"v":{"a":0,"k":100,"ix":4}},{"ty":0,"nm":"Масштабировать ширину","mn":"ADBE Geometry2-0004","ix":5,"v":{"a":0,"k":100,"ix":5}},{"ty":0,"nm":"Наклон","mn":"ADBE Geometry2-0005","ix":6,"v":{"a":0,"k":0,"ix":6,"x":"var $bm_rt;\n$bm_rt = wiggle(effect('\\u041f\\u043e\\u043a\\u0430\\u0447\\u0438\\u0432\\u0430\\u043d\\u0438\\u0435 - \\u0436\\u0435\\u043b\\u0435')('\\u0421\\u043a\\u043e\\u0440. \\u043f\\u043e\\u043a\\u0430\\u0447\\u0438\\u0432\\u0430\\u043d\\u0438\\u044f (\\u043a\\u043e\\u043b\\u0435\\u0431./\\u0441)'), effect('\\u041f\\u043e\\u043a\\u0430\\u0447\\u0438\\u0432\\u0430\\u043d\\u0438\\u0435 - \\u0436\\u0435\\u043b\\u0435')('\\u0412\\u0435\\u043b\\u0438\\u0447\\u0438\\u043d\\u0430 \\u043f\\u043e\\u043a\\u0430\\u0447\\u0438\\u0432\\u0430\\u043d\\u0438\\u044f'));"}},{"ty":0,"nm":"Ось наклона","mn":"ADBE Geometry2-0006","ix":7,"v":{"a":0,"k":0,"ix":7,"x":"var $bm_rt;\n$bm_rt = wiggle(effect('\\u041f\\u043e\\u043a\\u0430\\u0447\\u0438\\u0432\\u0430\\u043d\\u0438\\u0435 - \\u0436\\u0435\\u043b\\u0435')('\\u0412\\u0435\\u043b\\u0438\\u0447\\u0438\\u043d\\u0430 \\u043f\\u043e\\u043a\\u0430\\u0447\\u0438\\u0432\\u0430\\u043d\\u0438\\u044f'), 180);"}},{"ty":0,"nm":"Поворот","mn":"ADBE Geometry2-0007","ix":8,"v":{"a":0,"k":0,"ix":8}},{"ty":0,"nm":"Непрозрачность","mn":"ADBE Geometry2-0008","ix":9,"v":{"a":0,"k":100,"ix":9}},{"ty":7,"nm":"Использовать угол затвора композиции","mn":"ADBE Geometry2-0009","ix":10,"v":{"a":0,"k":1,"ix":10}},{"ty":0,"nm":"Угол затвора","mn":"ADBE Geometry2-0010","ix":11,"v":{"a":0,"k":0,"ix":11}},{"ty":7,"nm":"Создание выборки","mn":"ADBE Geometry2-0012","ix":12,"v":{"a":0,"k":1,"ix":12}}]}],"ip":0,"op":300.00001221925,"st":0,"bm":0},{"ddd":0,"ind":2,"ty":2,"nm":"волосы 3","refId":"image_1","sr":1,"ks":{"o":{"a":0,"k":100,"ix":11},"r":{"a":0,"k":0,"ix":10},"p":{"a":0,"k":[851.66,178.25,0],"ix":2},"a":{"a":0,"k":[851.66,178.25,0],"ix":1},"s":{"a":0,"k":[100,100,100],"ix":6}},"ao":0,"ef":[{"ty":5,"nm":"Покачивание - желе","np":4,"mn":"ADBE CM WiggleGelatin","ix":1,"en":1,"ef":[{"ty":0,"nm":"Скор. покачивания (колеб./с)","mn":"ADBE CM WiggleGelatin-0001","ix":1,"v":{"a":0,"k":1,"ix":1}},{"ty":0,"nm":"Величина покачивания","mn":"ADBE CM WiggleGelatin-0002","ix":2,"v":{"a":0,"k":1,"ix":2}}]},{"ty":5,"nm":"(Transform)","np":14,"mn":"ADBE Geometry2","ix":2,"en":1,"ef":[{"ty":3,"nm":"Опорная точка","mn":"ADBE Geometry2-0001","ix":1,"v":{"a":0,"k":[0,0],"ix":1,"x":"var $bm_rt;\n$bm_rt = $bm_transform.anchorPoint;"}},{"ty":3,"nm":"Положение","mn":"ADBE Geometry2-0002","ix":2,"v":{"a":0,"k":[0,0],"ix":2,"x":"var $bm_rt;\n$bm_rt = $bm_transform.anchorPoint;"}},{"ty":7,"nm":"Равномерный масштаб","mn":"ADBE Geometry2-0011","ix":3,"v":{"a":0,"k":0,"ix":3}},{"ty":0,"nm":"Масштабировать высоту","mn":"ADBE Geometry2-0003","ix":4,"v":{"a":0,"k":100,"ix":4}},{"ty":0,"nm":"Масштабировать ширину","mn":"ADBE Geometry2-0004","ix":5,"v":{"a":0,"k":100,"ix":5}},{"ty":0,"nm":"Наклон","mn":"ADBE Geometry2-0005","ix":6,"v":{"a":0,"k":0,"ix":6,"x":"var $bm_rt;\n$bm_rt = wiggle(effect('\\u041f\\u043e\\u043a\\u0430\\u0447\\u0438\\u0432\\u0430\\u043d\\u0438\\u0435 - \\u0436\\u0435\\u043b\\u0435')('\\u0421\\u043a\\u043e\\u0440. \\u043f\\u043e\\u043a\\u0430\\u0447\\u0438\\u0432\\u0430\\u043d\\u0438\\u044f (\\u043a\\u043e\\u043b\\u0435\\u0431./\\u0441)'), effect('\\u041f\\u043e\\u043a\\u0430\\u0447\\u0438\\u0432\\u0430\\u043d\\u0438\\u0435 - \\u0436\\u0435\\u043b\\u0435')('\\u0412\\u0435\\u043b\\u0438\\u0447\\u0438\\u043d\\u0430 \\u043f\\u043e\\u043a\\u0430\\u0447\\u0438\\u0432\\u0430\\u043d\\u0438\\u044f'));"}},{"ty":0,"nm":"Ось наклона","mn":"ADBE Geometry2-0006","ix":7,"v":{"a":0,"k":0,"ix":7,"x":"var $bm_rt;\n$bm_rt = wiggle(effect('\\u041f\\u043e\\u043a\\u0430\\u0447\\u0438\\u0432\\u0430\\u043d\\u0438\\u0435 - \\u0436\\u0435\\u043b\\u0435')('\\u0412\\u0435\\u043b\\u0438\\u0447\\u0438\\u043d\\u0430 \\u043f\\u043e\\u043a\\u0430\\u0447\\u0438\\u0432\\u0430\\u043d\\u0438\\u044f'), 180);"}},{"ty":0,"nm":"Поворот","mn":"ADBE Geometry2-0007","ix":8,"v":{"a":0,"k":0,"ix":8}},{"ty":0,"nm":"Непрозрачность","mn":"ADBE Geometry2-0008","ix":9,"v":{"a":0,"k":100,"ix":9}},{"ty":7,"nm":"Использовать угол затвора композиции","mn":"ADBE Geometry2-0009","ix":10,"v":{"a":0,"k":1,"ix":10}},{"ty":0,"nm":"Угол затвора","mn":"ADBE Geometry2-0010","ix":11,"v":{"a":0,"k":0,"ix":11}},{"ty":7,"nm":"Создание выборки","mn":"ADBE Geometry2-0012","ix":12,"v":{"a":0,"k":1,"ix":12}}]}],"ip":0,"op":300.00001221925,"st":0,"bm":0},{"ddd":0,"ind":3,"ty":2,"nm":"волосы 2","refId":"image_2","sr":1,"ks":{"o":{"a":0,"k":100,"ix":11},"r":{"a":0,"k":0,"ix":10},"p":{"a":0,"k":[554.66,139.25,0],"ix":2},"a":{"a":0,"k":[554.66,139.25,0],"ix":1},"s":{"a":0,"k":[100,100,100],"ix":6}},"ao":0,"ef":[{"ty":5,"nm":"Покачивание - желе","np":4,"mn":"ADBE CM WiggleGelatin","ix":1,"en":1,"ef":[{"ty":0,"nm":"Скор. покачивания (колеб./с)","mn":"ADBE CM WiggleGelatin-0001","ix":1,"v":{"a":0,"k":1,"ix":1}},{"ty":0,"nm":"Величина покачивания","mn":"ADBE CM WiggleGelatin-0002","ix":2,"v":{"a":0,"k":1,"ix":2}}]},{"ty":5,"nm":"(Transform)","np":14,"mn":"ADBE Geometry2","ix":2,"en":1,"ef":[{"ty":3,"nm":"Опорная точка","mn":"ADBE Geometry2-0001","ix":1,"v":{"a":0,"k":[0,0],"ix":1,"x":"var $bm_rt;\n$bm_rt = $bm_transform.anchorPoint;"}},{"ty":3,"nm":"Положение","mn":"ADBE Geometry2-0002","ix":2,"v":{"a":0,"k":[0,0],"ix":2,"x":"var $bm_rt;\n$bm_rt = $bm_transform.anchorPoint;"}},{"ty":7,"nm":"Равномерный масштаб","mn":"ADBE Geometry2-0011","ix":3,"v":{"a":0,"k":0,"ix":3}},{"ty":0,"nm":"Масштабировать высоту","mn":"ADBE Geometry2-0003","ix":4,"v":{"a":0,"k":100,"ix":4}},{"ty":0,"nm":"Масштабировать ширину","mn":"ADBE Geometry2-0004","ix":5,"v":{"a":0,"k":100,"ix":5}},{"ty":0,"nm":"Наклон","mn":"ADBE Geometry2-0005","ix":6,"v":{"a":0,"k":0,"ix":6,"x":"var $bm_rt;\n$bm_rt = wiggle(effect('\\u041f\\u043e\\u043a\\u0430\\u0447\\u0438\\u0432\\u0430\\u043d\\u0438\\u0435 - \\u0436\\u0435\\u043b\\u0435')('\\u0421\\u043a\\u043e\\u0440. \\u043f\\u043e\\u043a\\u0430\\u0447\\u0438\\u0432\\u0430\\u043d\\u0438\\u044f (\\u043a\\u043e\\u043b\\u0435\\u0431./\\u0441)'), effect('\\u041f\\u043e\\u043a\\u0430\\u0447\\u0438\\u0432\\u0430\\u043d\\u0438\\u0435 - \\u0436\\u0435\\u043b\\u0435')('\\u0412\\u0435\\u043b\\u0438\\u0447\\u0438\\u043d\\u0430 \\u043f\\u043e\\u043a\\u0430\\u0447\\u0438\\u0432\\u0430\\u043d\\u0438\\u044f'));"}},{"ty":0,"nm":"Ось наклона","mn":"ADBE Geometry2-0006","ix":7,"v":{"a":0,"k":0,"ix":7,"x":"var $bm_rt;\n$bm_rt = wiggle(effect('\\u041f\\u043e\\u043a\\u0430\\u0447\\u0438\\u0432\\u0430\\u043d\\u0438\\u0435 - \\u0436\\u0435\\u043b\\u0435')('\\u0412\\u0435\\u043b\\u0438\\u0447\\u0438\\u043d\\u0430 \\u043f\\u043e\\u043a\\u0430\\u0447\\u0438\\u0432\\u0430\\u043d\\u0438\\u044f'), 180);"}},{"ty":0,"nm":"Поворот","mn":"ADBE Geometry2-0007","ix":8,"v":{"a":0,"k":0,"ix":8}},{"ty":0,"nm":"Непрозрачность","mn":"ADBE Geometry2-0008","ix":9,"v":{"a":0,"k":100,"ix":9}},{"ty":7,"nm":"Использовать угол затвора композиции","mn":"ADBE Geometry2-0009","ix":10,"v":{"a":0,"k":1,"ix":10}},{"ty":0,"nm":"Угол затвора","mn":"ADBE Geometry2-0010","ix":11,"v":{"a":0,"k":0,"ix":11}},{"ty":7,"nm":"Создание выборки","mn":"ADBE Geometry2-0012","ix":12,"v":{"a":0,"k":1,"ix":12}}]}],"ip":0,"op":300.00001221925,"st":0,"bm":0},{"ddd":0,"ind":4,"ty":2,"nm":"морда","refId":"image_3","sr":1,"ks":{"o":{"a":0,"k":100,"ix":11},"r":{"a":1,"k":[{"i":{"x":[0.833],"y":[0.833]},"o":{"x":[0.167],"y":[0.167]},"t":120,"s":[0]},{"i":{"x":[0.833],"y":[0.833]},"o":{"x":[0.167],"y":[0.167]},"t":129,"s":[5]},{"i":{"x":[0.833],"y":[0.833]},"o":{"x":[0.167],"y":[0.167]},"t":139,"s":[-5]},{"t":149.000006068894,"s":[0]}],"ix":10},"p":{"a":0,"k":[666.66,938.25,0],"ix":2},"a":{"a":0,"k":[666.66,938.25,0],"ix":1},"s":{"a":0,"k":[100,100,100],"ix":6}},"ao":0,"ip":0,"op":300.00001221925,"st":0,"bm":0},{"ddd":0,"ind":5,"ty":2,"nm":"ухо право","refId":"image_4","sr":1,"ks":{"o":{"a":0,"k":100,"ix":11},"r":{"a":1,"k":[{"i":{"x":[0.833],"y":[0.833]},"o":{"x":[0.167],"y":[0.167]},"t":61,"s":[0]},{"i":{"x":[0.833],"y":[0.833]},"o":{"x":[0.167],"y":[0.167]},"t":67,"s":[15]},{"i":{"x":[0.833],"y":[0.833]},"o":{"x":[0.167],"y":[0.167]},"t":73,"s":[0]},{"i":{"x":[0.833],"y":[0.833]},"o":{"x":[0.167],"y":[0.167]},"t":86,"s":[0]},{"i":{"x":[0.833],"y":[0.833]},"o":{"x":[0.167],"y":[0.167]},"t":92,"s":[15]},{"i":{"x":[0.833],"y":[0.833]},"o":{"x":[0.167],"y":[0.167]},"t":98,"s":[0]},{"i":{"x":[0.833],"y":[0.833]},"o":{"x":[0.167],"y":[0.167]},"t":187,"s":[0]},{"i":{"x":[0.833],"y":[0.833]},"o":{"x":[0.167],"y":[0.167]},"t":193,"s":[15]},{"t":199.000008105436,"s":[0]}],"ix":10},"p":{"a":1,"k":[{"i":{"x":0.833,"y":0.833},"o":{"x":0.167,"y":0.167},"t":61,"s":[710.66,918.25,0],"to":[0,0,0],"ti":[0,0,0]},{"i":{"x":0.833,"y":0.833},"o":{"x":0.167,"y":0.167},"t":67,"s":[710.66,923.75,0],"to":[0,0,0],"ti":[0,0,0]},{"i":{"x":0.833,"y":0.833},"o":{"x":0.167,"y":0.167},"t":73,"s":[710.66,918.25,0],"to":[0,0,0],"ti":[0,0,0]},{"i":{"x":0.833,"y":0.833},"o":{"x":0.167,"y":0.167},"t":86,"s":[710.66,918.25,0],"to":[0,0,0],"ti":[0,0,0]},{"i":{"x":0.833,"y":0.833},"o":{"x":0.167,"y":0.167},"t":92,"s":[710.66,923.75,0],"to":[0,0,0],"ti":[0,0,0]},{"i":{"x":0.833,"y":0.833},"o":{"x":0.167,"y":0.167},"t":98,"s":[710.66,918.25,0],"to":[0,0,0],"ti":[0,0,0]},{"i":{"x":0.833,"y":0.833},"o":{"x":0.167,"y":0.167},"t":187,"s":[710.66,918.25,0],"to":[0,0,0],"ti":[0,0,0]},{"i":{"x":0.833,"y":0.833},"o":{"x":0.167,"y":0.167},"t":193,"s":[710.66,923.75,0],"to":[0,0,0],"ti":[0,0,0]},{"t":199.000008105436,"s":[710.66,918.25,0]}],"ix":2},"a":{"a":0,"k":[710.66,918.25,0],"ix":1},"s":{"a":0,"k":[100,100,100],"ix":6}},"ao":0,"ip":0,"op":300.00001221925,"st":0,"bm":0},{"ddd":0,"ind":6,"ty":2,"nm":"ухо лево","refId":"image_5","sr":1,"ks":{"o":{"a":0,"k":100,"ix":11},"r":{"a":1,"k":[{"i":{"x":[0.833],"y":[0.833]},"o":{"x":[0.167],"y":[0.167]},"t":61,"s":[0]},{"i":{"x":[0.833],"y":[0.833]},"o":{"x":[0.167],"y":[0.167]},"t":67,"s":[-15]},{"i":{"x":[0.833],"y":[0.833]},"o":{"x":[0.167],"y":[0.167]},"t":73,"s":[0]},{"i":{"x":[0.833],"y":[0.833]},"o":{"x":[0.167],"y":[0.167]},"t":187,"s":[0]},{"i":{"x":[0.833],"y":[0.833]},"o":{"x":[0.167],"y":[0.167]},"t":193,"s":[-15]},{"i":{"x":[0.833],"y":[0.833]},"o":{"x":[0.167],"y":[0.167]},"t":199,"s":[0]},{"i":{"x":[0.833],"y":[0.833]},"o":{"x":[0.167],"y":[0.167]},"t":211,"s":[0]},{"i":{"x":[0.833],"y":[0.833]},"o":{"x":[0.167],"y":[0.167]},"t":217,"s":[-15]},{"t":223.000009082976,"s":[0]}],"ix":10},"p":{"a":1,"k":[{"i":{"x":0.833,"y":0.833},"o":{"x":0.167,"y":0.167},"t":61,"s":[620.66,920.25,0],"to":[0,0,0],"ti":[0,0,0]},{"i":{"x":0.833,"y":0.833},"o":{"x":0.167,"y":0.167},"t":67,"s":[620.66,925.75,0],"to":[0,0,0],"ti":[0,0,0]},{"i":{"x":0.833,"y":0.833},"o":{"x":0.167,"y":0.167},"t":73,"s":[620.66,920.25,0],"to":[0,0,0],"ti":[0,0,0]},{"i":{"x":0.833,"y":0.833},"o":{"x":0.167,"y":0.167},"t":187,"s":[620.66,920.25,0],"to":[0,0,0],"ti":[0,0,0]},{"i":{"x":0.833,"y":0.833},"o":{"x":0.167,"y":0.167},"t":193,"s":[620.66,925.75,0],"to":[0,0,0],"ti":[0,0,0]},{"i":{"x":0.833,"y":0.833},"o":{"x":0.167,"y":0.167},"t":199,"s":[620.66,920.25,0],"to":[0,0,0],"ti":[0,0,0]},{"i":{"x":0.833,"y":0.833},"o":{"x":0.167,"y":0.167},"t":211,"s":[620.66,920.25,0],"to":[0,0,0],"ti":[0,0,0]},{"i":{"x":0.833,"y":0.833},"o":{"x":0.167,"y":0.167},"t":217,"s":[620.66,925.75,0],"to":[0,0,0],"ti":[0,0,0]},{"t":223.000009082976,"s":[620.66,920.25,0]}],"ix":2},"a":{"a":0,"k":[620.66,920.25,0],"ix":1},"s":{"a":0,"k":[100,100,100],"ix":6}},"ao":0,"ip":0,"op":300.00001221925,"st":0,"bm":0},{"ddd":0,"ind":7,"ty":2,"nm":"Слой 1","refId":"image_6","sr":1,"ks":{"o":{"a":0,"k":100,"ix":11},"r":{"a":0,"k":0,"ix":10},"p":{"a":0,"k":[708.66,530.25,0],"ix":2},"a":{"a":0,"k":[708.66,530.25,0],"ix":1},"s":{"a":0,"k":[100,100,100],"ix":6}},"ao":0,"ip":0,"op":300.00001221925,"st":0,"bm":0},{"ddd":0,"ind":8,"ty":2,"nm":"Волосы 1","refId":"image_7","sr":1,"ks":{"o":{"a":0,"k":100,"ix":11},"r":{"a":0,"k":0,"ix":10},"p":{"a":0,"k":[405.66,292.25,0],"ix":2},"a":{"a":0,"k":[405.66,292.25,0],"ix":1},"s":{"a":0,"k":[100,100,100],"ix":6}},"ao":0,"ef":[{"ty":5,"nm":"Покачивание - желе","np":4,"mn":"ADBE CM WiggleGelatin","ix":1,"en":1,"ef":[{"ty":0,"nm":"Скор. покачивания (колеб./с)","mn":"ADBE CM WiggleGelatin-0001","ix":1,"v":{"a":0,"k":1,"ix":1}},{"ty":0,"nm":"Величина покачивания","mn":"ADBE CM WiggleGelatin-0002","ix":2,"v":{"a":0,"k":1,"ix":2}}]},{"ty":5,"nm":"(Transform)","np":14,"mn":"ADBE Geometry2","ix":2,"en":1,"ef":[{"ty":3,"nm":"Опорная точка","mn":"ADBE Geometry2-0001","ix":1,"v":{"a":0,"k":[0,0],"ix":1,"x":"var $bm_rt;\n$bm_rt = $bm_transform.anchorPoint;"}},{"ty":3,"nm":"Положение","mn":"ADBE Geometry2-0002","ix":2,"v":{"a":0,"k":[0,0],"ix":2,"x":"var $bm_rt;\n$bm_rt = $bm_transform.anchorPoint;"}},{"ty":7,"nm":"Равномерный масштаб","mn":"ADBE Geometry2-0011","ix":3,"v":{"a":0,"k":0,"ix":3}},{"ty":0,"nm":"Масштабировать высоту","mn":"ADBE Geometry2-0003","ix":4,"v":{"a":0,"k":100,"ix":4}},{"ty":0,"nm":"Масштабировать ширину","mn":"ADBE Geometry2-0004","ix":5,"v":{"a":0,"k":100,"ix":5}},{"ty":0,"nm":"Наклон","mn":"ADBE Geometry2-0005","ix":6,"v":{"a":0,"k":0,"ix":6,"x":"var $bm_rt;\n$bm_rt = wiggle(effect('\\u041f\\u043e\\u043a\\u0430\\u0447\\u0438\\u0432\\u0430\\u043d\\u0438\\u0435 - \\u0436\\u0435\\u043b\\u0435')('\\u0421\\u043a\\u043e\\u0440. \\u043f\\u043e\\u043a\\u0430\\u0447\\u0438\\u0432\\u0430\\u043d\\u0438\\u044f (\\u043a\\u043e\\u043b\\u0435\\u0431./\\u0441)'), effect('\\u041f\\u043e\\u043a\\u0430\\u0447\\u0438\\u0432\\u0430\\u043d\\u0438\\u0435 - \\u0436\\u0435\\u043b\\u0435')('\\u0412\\u0435\\u043b\\u0438\\u0447\\u0438\\u043d\\u0430 \\u043f\\u043e\\u043a\\u0430\\u0447\\u0438\\u0432\\u0430\\u043d\\u0438\\u044f'));"}},{"ty":0,"nm":"Ось наклона","mn":"ADBE Geometry2-0006","ix":7,"v":{"a":0,"k":0,"ix":7,"x":"var $bm_rt;\n$bm_rt = wiggle(effect('\\u041f\\u043e\\u043a\\u0430\\u0447\\u0438\\u0432\\u0430\\u043d\\u0438\\u0435 - \\u0436\\u0435\\u043b\\u0435')('\\u0412\\u0435\\u043b\\u0438\\u0447\\u0438\\u043d\\u0430 \\u043f\\u043e\\u043a\\u0430\\u0447\\u0438\\u0432\\u0430\\u043d\\u0438\\u044f'), 180);"}},{"ty":0,"nm":"Поворот","mn":"ADBE Geometry2-0007","ix":8,"v":{"a":0,"k":0,"ix":8}},{"ty":0,"nm":"Непрозрачность","mn":"ADBE Geometry2-0008","ix":9,"v":{"a":0,"k":100,"ix":9}},{"ty":7,"nm":"Использовать угол затвора композиции","mn":"ADBE Geometry2-0009","ix":10,"v":{"a":0,"k":1,"ix":10}},{"ty":0,"nm":"Угол затвора","mn":"ADBE Geometry2-0010","ix":11,"v":{"a":0,"k":0,"ix":11}},{"ty":7,"nm":"Создание выборки","mn":"ADBE Geometry2-0012","ix":12,"v":{"a":0,"k":1,"ix":12}}]}],"ip":0,"op":300.00001221925,"st":0,"bm":0},{"ddd":0,"ind":9,"ty":2,"nm":"2","refId":"image_8","sr":1,"ks":{"o":{"a":0,"k":100,"ix":11},"r":{"a":0,"k":0,"ix":10},"p":{"a":1,"k":[{"i":{"x":0.833,"y":0.833},"o":{"x":0.167,"y":0.167},"t":0,"s":[708.66,530.25,0],"to":[-22.667,0,0],"ti":[-0.007,0,0]},{"i":{"x":0.833,"y":0.833},"o":{"x":0.167,"y":0.167},"t":150,"s":[572.66,530.25,0],"to":[0.007,0,0],"ti":[-22.673,0,0]},{"t":299.00001217852,"s":[708.7,530.25,0]}],"ix":2},"a":{"a":0,"k":[708.66,530.25,0],"ix":1},"s":{"a":0,"k":[100,100,100],"ix":6}},"ao":0,"ip":0,"op":300.00001221925,"st":0,"bm":0},{"ddd":0,"ind":10,"ty":2,"nm":"3","refId":"image_9","sr":1,"ks":{"o":{"a":0,"k":100,"ix":11},"r":{"a":0,"k":0,"ix":10},"p":{"a":1,"k":[{"i":{"x":0.833,"y":0.833},"o":{"x":0.167,"y":0.167},"t":0,"s":[708.66,530.25,0],"to":[-22.667,0,0],"ti":[-0.007,0,0]},{"i":{"x":0.833,"y":0.833},"o":{"x":0.167,"y":0.167},"t":150,"s":[572.66,530.25,0],"to":[0.007,0,0],"ti":[-22.673,0,0]},{"t":299.00001217852,"s":[708.7,530.25,0]}],"ix":2},"a":{"a":0,"k":[708.66,530.25,0],"ix":1},"s":{"a":0,"k":[100,100,100],"ix":6}},"ao":0,"ip":0,"op":300.00001221925,"st":0,"bm":0},{"ddd":0,"ind":11,"ty":2,"nm":"1","refId":"image_10","sr":1,"ks":{"o":{"a":0,"k":100,"ix":11},"r":{"a":0,"k":0,"ix":10},"p":{"a":1,"k":[{"i":{"x":0.833,"y":0.833},"o":{"x":0.167,"y":0.167},"t":0,"s":[708.66,530.25,0],"to":[-22.667,0,0],"ti":[-0.007,0,0]},{"i":{"x":0.833,"y":0.833},"o":{"x":0.167,"y":0.167},"t":150,"s":[572.66,530.25,0],"to":[0.007,0,0],"ti":[-22.673,0,0]},{"t":299.00001217852,"s":[708.7,530.25,0]}],"ix":2},"a":{"a":0,"k":[708.66,530.25,0],"ix":1},"s":{"a":0,"k":[100,100,100],"ix":6}},"ao":0,"ip":0,"op":300.00001221925,"st":0,"bm":0},{"ddd":0,"ind":12,"ty":2,"nm":"4","refId":"image_11","sr":1,"ks":{"o":{"a":0,"k":100,"ix":11},"r":{"a":0,"k":0,"ix":10},"p":{"a":1,"k":[{"i":{"x":0.833,"y":0.833},"o":{"x":0.167,"y":0.167},"t":0,"s":[708.66,530.25,0],"to":[-22.667,0,0],"ti":[-0.007,0,0]},{"i":{"x":0.833,"y":0.833},"o":{"x":0.167,"y":0.167},"t":150,"s":[572.66,530.25,0],"to":[0.007,0,0],"ti":[-22.673,0,0]},{"t":299.00001217852,"s":[708.7,530.25,0]}],"ix":2},"a":{"a":0,"k":[708.66,530.25,0],"ix":1},"s":{"a":0,"k":[100,100,100],"ix":6}},"ao":0,"ip":0,"op":300.00001221925,"st":0,"bm":0},{"ddd":0,"ind":13,"ty":2,"nm":"Слой 256","refId":"image_12","sr":1,"ks":{"o":{"a":0,"k":100,"ix":11},"r":{"a":0,"k":0,"ix":10},"p":{"a":0,"k":[708.66,530.25,0],"ix":2},"a":{"a":0,"k":[708.66,530.25,0],"ix":1},"s":{"a":0,"k":[100,100,100],"ix":6}},"ao":0,"ip":0,"op":300.00001221925,"st":0,"bm":0}],"markers":[]}