{"v":"5.5.1","fr":29.9700012207031,"ip":0,"op":1798.00007323404,"w":730,"h":527,"nm":"Композиция 1","ddd":0,"assets":[{"id":"image_0","w":697,"h":527,"u":"images/","p":"img_0.png","e":0},{"id":"image_1","w":697,"h":527,"u":"images/","p":"img_1.png","e":0},{"id":"image_2","w":697,"h":527,"u":"images/","p":"img_2.png","e":0},{"id":"image_3","w":697,"h":527,"u":"images/","p":"img_3.png","e":0},{"id":"image_4","w":697,"h":527,"u":"images/","p":"img_4.png","e":0},{"id":"image_5","w":697,"h":527,"u":"images/","p":"img_5.png","e":0},{"id":"image_6","w":697,"h":527,"u":"images/","p":"img_6.png","e":0},{"id":"image_7","w":697,"h":527,"u":"images/","p":"img_7.png","e":0},{"id":"image_8","w":697,"h":527,"u":"images/","p":"img_8.png","e":0},{"id":"image_9","w":697,"h":527,"u":"images/","p":"img_9.png","e":0},{"id":"image_10","w":697,"h":527,"u":"images/","p":"img_10.png","e":0},{"id":"comp_0","layers":[{"ddd":0,"ind":1,"ty":2,"nm":"лево","refId":"image_0","sr":1,"ks":{"o":{"a":0,"k":100,"ix":11},"r":{"a":0,"k":0,"ix":10},"p":{"a":0,"k":[670,363.5,0],"ix":2},"a":{"a":0,"k":[653.5,363.5,0],"ix":1},"s":{"a":0,"k":[100,100,100],"ix":6}},"ao":0,"ip":0,"op":1798.00007323404,"st":0,"bm":0},{"ddd":0,"ind":2,"ty":2,"nm":"право","refId":"image_1","sr":1,"ks":{"o":{"a":0,"k":100,"ix":11},"r":{"a":1,"k":[{"i":{"x":[0.833],"y":[0.833]},"o":{"x":[0.167],"y":[0.167]},"t":0,"s":[0]},{"i":{"x":[0.833],"y":[0.833]},"o":{"x":[0.167],"y":[0.167]},"t":149,"s":[15]},{"i":{"x":[0.833],"y":[0.833]},"o":{"x":[0.167],"y":[0.167]},"t":302,"s":[0]},{"i":{"x":[0.833],"y":[0.833]},"o":{"x":[0.167],"y":[0.167]},"t":450,"s":[15]},{"i":{"x":[0.833],"y":[0.833]},"o":{"x":[0.167],"y":[0.167]},"t":603,"s":[0]},{"i":{"x":[0.833],"y":[0.833]},"o":{"x":[0.167],"y":[0.167]},"t":750,"s":[15]},{"i":{"x":[0.833],"y":[0.833]},"o":{"x":[0.167],"y":[0.167]},"t":903,"s":[0]},{"i":{"x":[0.833],"y":[0.833]},"o":{"x":[0.167],"y":[0.167]},"t":1050,"s":[15]},{"i":{"x":[0.833],"y":[0.833]},"o":{"x":[0.167],"y":[0.167]},"t":1203,"s":[0]},{"i":{"x":[0.833],"y":[0.833]},"o":{"x":[0.167],"y":[0.167]},"t":1350,"s":[15]},{"i":{"x":[0.833],"y":[0.833]},"o":{"x":[0.167],"y":[0.167]},"t":1503,"s":[0]},{"i":{"x":[0.833],"y":[0.833]},"o":{"x":[0.167],"y":[0.167]},"t":1650,"s":[15]},{"t":1803.0000734377,"s":[0]}],"ix":10},"p":{"a":0,"k":[670,363.5,0],"ix":2},"a":{"a":0,"k":[653.5,363.5,0],"ix":1},"s":{"a":0,"k":[100,100,100],"ix":6}},"ao":0,"ip":0,"op":1798.00007323404,"st":0,"bm":0},{"ddd":0,"ind":3,"ty":2,"nm":"минута","refId":"image_2","sr":1,"ks":{"o":{"a":0,"k":100,"ix":11},"r":{"a":1,"k":[{"i":{"x":[0.833],"y":[0.833]},"o":{"x":[0.167],"y":[0.167]},"t":0,"s":[0]},{"i":{"x":[0.833],"y":[0.833]},"o":{"x":[0.167],"y":[0.167]},"t":300,"s":[360]},{"i":{"x":[0.833],"y":[0.833]},"o":{"x":[0.167],"y":[0.167]},"t":600,"s":[720]},{"i":{"x":[0.833],"y":[0.833]},"o":{"x":[0.167],"y":[0.167]},"t":901,"s":[1080]},{"i":{"x":[0.833],"y":[0.833]},"o":{"x":[0.167],"y":[0.167]},"t":1198,"s":[1440]},{"i":{"x":[0.833],"y":[0.833]},"o":{"x":[0.167],"y":[0.167]},"t":1499,"s":[1800]},{"t":1797.00007319331,"s":[2160]}],"ix":10},"p":{"a":0,"k":[548.5,112.938,0],"ix":2},"a":{"a":0,"k":[532,112.938,0],"ix":1},"s":{"a":0,"k":[100,100,100],"ix":6}},"ao":0,"ip":0,"op":1798.00007323404,"st":0,"bm":0},{"ddd":0,"ind":4,"ty":2,"nm":"час","refId":"image_3","sr":1,"ks":{"o":{"a":0,"k":100,"ix":11},"r":{"a":1,"k":[{"i":{"x":[0.833],"y":[0.833]},"o":{"x":[0.167],"y":[0.167]},"t":0,"s":[0]},{"t":1797.00007319331,"s":[360]}],"ix":10},"p":{"a":0,"k":[548.531,113,0],"ix":2},"a":{"a":0,"k":[532.031,113,0],"ix":1},"s":{"a":0,"k":[100,100,100],"ix":6}},"ao":0,"ip":0,"op":1798.00007323404,"st":0,"bm":0},{"ddd":0,"ind":5,"ty":2,"nm":"5","refId":"image_4","sr":1,"ks":{"o":{"a":0,"k":100,"ix":11},"r":{"a":0,"k":0,"ix":10},"p":{"a":0,"k":[365,263.5,0],"ix":2},"a":{"a":0,"k":[348.5,263.5,0],"ix":1},"s":{"a":0,"k":[100,100,100],"ix":6}},"ao":0,"ip":0,"op":1798.00007323404,"st":0,"bm":0},{"ddd":0,"ind":6,"ty":2,"nm":"4","refId":"image_5","sr":1,"ks":{"o":{"a":0,"k":100,"ix":11},"r":{"a":0,"k":0,"ix":10},"p":{"a":0,"k":[365,263.5,0],"ix":2},"a":{"a":0,"k":[348.5,263.5,0],"ix":1},"s":{"a":0,"k":[100,100,100],"ix":6}},"ao":0,"ip":0,"op":1798.00007323404,"st":0,"bm":0},{"ddd":0,"ind":7,"ty":2,"nm":"3","refId":"image_6","sr":1,"ks":{"o":{"a":0,"k":100,"ix":11},"r":{"a":0,"k":0,"ix":10},"p":{"a":0,"k":[365,263.5,0],"ix":2},"a":{"a":0,"k":[348.5,263.5,0],"ix":1},"s":{"a":0,"k":[100,100,100],"ix":6}},"ao":0,"ip":0,"op":1798.00007323404,"st":0,"bm":0},{"ddd":0,"ind":8,"ty":2,"nm":"2","refId":"image_7","sr":1,"ks":{"o":{"a":0,"k":100,"ix":11},"r":{"a":0,"k":0,"ix":10},"p":{"a":0,"k":[365,263.5,0],"ix":2},"a":{"a":0,"k":[348.5,263.5,0],"ix":1},"s":{"a":0,"k":[100,100,100],"ix":6}},"ao":0,"ip":0,"op":1798.00007323404,"st":0,"bm":0},{"ddd":0,"ind":9,"ty":2,"nm":"1","refId":"image_8","sr":1,"ks":{"o":{"a":0,"k":100,"ix":11},"r":{"a":0,"k":0,"ix":10},"p":{"a":0,"k":[365,263.5,0],"ix":2},"a":{"a":0,"k":[348.5,263.5,0],"ix":1},"s":{"a":0,"k":[100,100,100],"ix":6}},"ao":0,"ip":0,"op":1798.00007323404,"st":0,"bm":0},{"ddd":0,"ind":10,"ty":2,"nm":"график","refId":"image_9","sr":1,"ks":{"o":{"a":0,"k":100,"ix":11},"r":{"a":0,"k":0,"ix":10},"p":{"a":0,"k":[365,263.5,0],"ix":2},"a":{"a":0,"k":[348.5,263.5,0],"ix":1},"s":{"a":0,"k":[100,100,100],"ix":6}},"ao":0,"ip":0,"op":1798.00007323404,"st":0,"bm":0},{"ddd":0,"ind":11,"ty":2,"nm":"Слой 1","refId":"image_10","sr":1,"ks":{"o":{"a":0,"k":100,"ix":11},"r":{"a":0,"k":0,"ix":10},"p":{"a":0,"k":[365,263.5,0],"ix":2},"a":{"a":0,"k":[348.5,263.5,0],"ix":1},"s":{"a":0,"k":[100,100,100],"ix":6}},"ao":0,"ip":0,"op":1798.00007323404,"st":0,"bm":0}]}],"layers":[{"ddd":0,"ind":1,"ty":0,"nm":"вторая","refId":"comp_0","sr":1,"ks":{"o":{"a":0,"k":100,"ix":11},"r":{"a":0,"k":0,"ix":10},"p":{"a":0,"k":[365,263.5,0],"ix":2},"a":{"a":0,"k":[365,263.5,0],"ix":1},"s":{"a":0,"k":[100,100,100],"ix":6}},"ao":0,"w":730,"h":527,"ip":0,"op":1798.00007323404,"st":0,"bm":0}],"markers":[]}